{
  "LogisticRegression_default": {
    "accuracy": 0.9649122807017544,
    "precision": 0.975,
    "recall": 0.9285714285714286,
    "f1": 0.9512195121951219,
    "roc_auc": 0.996031746031746
  },
  "KNN_default": {
    "accuracy": 0.956140350877193,
    "precision": 0.9743589743589743,
    "recall": 0.9047619047619048,
    "f1": 0.9382716049382716,
    "roc_auc": 0.982308201058201
  },
  "RandomForest_default": {
    "accuracy": 0.9736842105263158,
    "precision": 1.0,
    "recall": 0.9285714285714286,
    "f1": 0.9629629629629629,
    "roc_auc": 0.9928902116402116
  }
}